komentar,
kondisi ruang bagus ruang baik ac optimal,
iya tiap ruang kelas fmipa milik ac kadang ac,
dingin,
muas ruang kurang ac ac rusak baik ganti,
guna ruang ac dingin baik watan kala,
iya alas jurus fasilitas pada mahasiswa nyaman salah ac kelas,
fakultas nyaman ruang kuliah fakultas nyaman kipas angin angin fkip,
ruang ac fungsi milik ac,
alas ruang habis renov,
iyaaa nyaman,
iya ac dingin kadang ac beberapa kelas fungsi,
nyaman karna kadangkadang ruang gedung mipa ac nyala nyala,
kondisi fasilitas dingin ruang ac ruang kelas ruang kampus nyaman mahasiswa proses ajar,
nyaman tpi ruang bgus ac,
iya nyaman,
acnya bagus suhu jaga dingin,
nyaman alas nyaman acnya fungsi acnya fungsi,
ruang acnya rusak baik,
ac terkdang kurng befungsi,
ac berasapanas mas,
sepenuh nyaman mahasiswa proses ajar ac fungsi,
ac fungsi kelas,
iya bagus alas acnya nyala,
kadang tdk nyala,
dingin masuk matkul siang panas ruang,
bagus ruang acnya fungsi ac ganggu proses ajar,
ruang ac susah nyala liat,
ac fungsi proses ajar jalan nyaman,
iya ac bagus,
iyaa nyaman,
bagus bagus ruang remot ac,
ruang ac fungsi angin,
fasilitas dingin ruang ac mumpuni ruang kelas ruang kelas mumpuni,
ruang ajar ac dingin bagus,
ruang ac,
fungsi,
iya ac ruang kelas nyala,
gedung b bagus nyaman sejuk remotnya listrik mati jam kuliah siang,
kondisi ac dukung nyaman kuliah unit ac dingin baik ganti fungsi optimal,
ac dingin kadang nyala,
ruang ac rusak,
ruang nyaman,
kadang dingin mahasiswa nyaman ajar,
bagus dingin,
bagus,
panas,
nyaman kadang dingin sampe gigil orang,
ruang kadang ac tudak dingin kadang ruang uth panas,
dingin ruang sempit gabung kelas hawa panas,
baiklantai bersih,
iya pintu kamar mandi kadang tutup,
lampu,
wc kondisi rusak air alir rusa fasilitas kloset pintu jarang wc kondisi bau ganggu nyaman,
jaga bersih,
bersih sedia air harum ruang,
bersih lumayan rata wc gedung a bersih minus pintu kunci air kadang alir wc layak gedung b fmipa baik,
gedung a fmipa toilet mahasiswaumum repot antri gedung b fmipa toilet fungsi baikrusak bengkalai,
iyaaa,
bagus,
terkadang wc mipa sedia air,
bersih kadang sedia air,
bersih kamar mandi lingkung fakultas fmipa uho jaga butuh perhati awat rutin jaga kualitas bersih,
bersih bgus,
bersih sedia air perhati,
terkadang mana alir air henti,
bersih oke sedia air dicheck lengkap dukung perhati sedia sabun dll,
kamar mandi bagus gedung a bersih air lantai air wastafel nyala utama kamar mandi gedung b perhati,
wc gedung b kotor,
bersih tambah wc ngantri banyak toilet rusak,
toilet gedung b fungsi kendala air mati pintu rusak,
fakultas cuman wc gedung a fungsi gedung b tidaa jaunya kalo mo pigi wc,
iya bagus bersih,
air kadang nyala air wastafel nyala,
lumayan air bersih tingkat,
air kadangkadang,
air kurangkadang air sedia,
iyaa,
bersih kamar mandi gedung a lantai,
wc lantai kotor,
kamar mandi gedung a kadang air air kamar mandi air wastafel kamar mandi gedung b air lantai kotor lampu rusak lengkap,
jarang kmar mandi,
iya bersih,
gedung b layak,
bersih sedia air pintu kamar mandi milik kuncipengait pada baik tingkat nyaman aman guna,
oke pintu kunci,
awat bersih,
iya lumayan lengkap,
bersih,
bagus,
oke lumayan bersih kadang kotor,
bersih,
bersih sedia air sdh sayang cahaya lampu,
kondisi pintu jendela layak,
jendela tutup rapat ac fungsi,
lumayan msi fungsi,
jendela tutup,
pintu kelas bagus pintu kamar mandi jelek tutup,
gedung kuliah ruang kondisi pintu rusak bahaya sewaktuwaktu roboh,
pintu jendela bagus nyaman mahasiswa,
iya layak alas jurus hadap akreditasi pintu jendela ganti layak,
pintu jendela nyaman baik,
layak baik,
bagus habis ganti,
pintu jendela ruang kelas baik alhamdulillahh mahasiswa nyaman aman,
bagus,
iya layak aman karna fungsi mesti,
pintu bagus jendela bagus karna banyak jendela ruang ruang jelek buka,
kondisi pintu jendela ruang kelas gedung kampus layak dukung nyaman aman mahasiswa mana pintu jendela awat tunjang proses ajar ajar nyaman kondusif,
iya bagus,
jendela sulit tutup rapat,
kualitas dukung nyaman based on ruang pakai,
alami mal fungsi susah buka tutup,
layak pintu bagus kuat gedung sudsh lengkap batas besi,
cuman bersih,
layak dukung nyaman aman mahasiswa kondisi pintu jendela ruang kelas gedung kampus,
baik baguss,
layak pintu baik,
lumayan,
layak ganti,
pintu jendela,
layak,
pintu jendela ruang kelas,
iyapintunya sdh ganti,
iyaa layak,
layak,
layak,
pintu jendela layak dukung nyaman aman,
pintu jendela layak,
bagus bintang pintu habis ganti new door,
layak,
alhamdulillah baik baruu,
gedung b bagus laboratorium statistika pintu layak doll,
lihat pintu jendela fungsi kendala ganggu giat kuliah,
fungsi,
layak rusak,
iya layak barubaru ganti,
pintu bagus ganti,
bagus,
aman,
bagus bagus bintang,
bagus sekrang hbis baik,
pintu jendela tutup,
nyaman meja kursi bagus,
ruang lampu nyala,
efektif,
ruang kursi kursi kuning,
meja bagus gedung b lantai klau lantai bgus,
meja rusak proyektor sebab mahasiswa hrus rebut ruang mahasiswa laksana giat kuliah beda kelas mata kuliah,
iya alat tunjang giat kuliah bantu mahasiswa persentasi mendengarakan papar materi dosen,
iya alas jurus pada fasilitas mahasiswa,
bangku gedung b lantai rusak nyaman goyang goyang meja patah tdk meja papan tulis nyaman saran papan tulis ganti papan kayak susah hapus tinta spidol pegal tangan,
fasilitas proyektor terkadang proyektor fungsi ganggu jalan proses kuliah,
fasilitas penuh kuliah jalan lancar,
kadang pinjam jurus contoh kayak proyektor,
bagus,
karna meja rapuh goyang,
pada karna meja kursi bagai ruang ganti bagus,
fasilitas ajar meja kursi cahaya ruang proyektor pada tunjang giat kuliah nyaman efektif,
meja bgus tpi lampu kelasny terang baik,
tingkat,
meja meja dosen rusak,
tunjang giat kuliah nyaman efektif kecuali kursi terkadang meja aka rusak,
kursi ganti layak pakai sedia proyektor terkadang jurus butuh sama,
proyektor terkadang ruang meja rusak,
lampu nyala,
pada tunjang giat kuliah nyaman efektif kondisi fasilitas ajar meja kursi cahaya ruang proyektor,
iya tunjang,
iya tata rapi nyaman,
kursi rusak jdi mhsiswa bingung duduk mna hrs angkat kursi lgi dri kelas,
pada kursi rusak,
meja kursi cahaya kursi meja layak pakai meja patah mahasiswa tulis meja dosen kaki patah alhasil bantu batu,
pada kursi layak pakai,
sepenuhnyaterkadang kurang kursikursinya sdh rusak layak pakai,
iyaa rusak meja layak,
nyaman efektif,
kursi meja ruang sdh layak pakai,
pada tunjang giat kuliah,
kursi cahaya ruang proyektor bagus bagus,
reng kursi meja ancur c,
kursi layak pakai kelas memeadaii,
muas,
cahaya ruang kursi milik meja sedia proyektor batas pakai ganti kadang hambat jalan kuliah,
kursi nyaman pakai,
kursi pada kursi patah repot masuk proses ajar ajar,
ruang cahaya,
iya nyaman,
pada,
bagus,
kursi kadang ngga meja,
lumayan bagus,
nyaman,
iyaa,
bersih,
fmipa bersih kadang sampah sera mahasiswa buang sampah tempat,
bersih,
bersih kelas bagus tinggal wc sihh bersih banyak wc,
lumayan cleaning service bersih sampah jga area jangkau sampah rusak,
bersih awat,
bersih lingkung oke,
nyaman bersih asri nyaman segar pohon sampah gedung rata,
bagus,
bersih,
klau bersih bersih bersih rajin,
bersih,
iyaa bersih,
bersih mipa bersih ruang kelas halaman fakultas,
tingkat bersih lingkung fakultas ruang kelas area fakultas sedia sampah titik area fakultas bantu jaga bersih lingkung,
bersih,
bersih awat,
oke,
bersih mahasiswa tanggung bersih taman sekitar gazebo mahasiswa selesai kumpul ad sampah meja gazebo sekitar gazebo,
lumayan bagus,
bersihbagusss,
bersih lingkung fakultas jaga ruang kelas bersih nyaman kuliah halaman fakultas bebas sampah sera sedia sampah pada sudut strategi,
bersih lingkung,
bersih orang bersih,
lumayan,
masuk ruang bersih,
bagus,
bersih,
iyaa,
bagus,
baguss bersih,
tingkat bersih oke,
bersih bagus jaga sampah mana,
bersih,
bersih,
bersih ruang kelas halaman fakultas sedia sampah ruang lab basis lab uti terkadang bersih,
bersih,
bersih,
bersih tukang bersih raajin,
bersih jaga bersih,
bagus,
aman,
oke bagus,
bersih,
bersih,
mudah akses jaring stabil bantu,
iya wifi fmipa stabil,
stabil lancar,
bagus wifi nyatapi klau kantin jaring nnti kasi jaringann kantin gazebo,
internet sedia kampus stabil bantu mahasiswa,
koneksi jaring terkadang stabil,
iya stabil alas wifi hehe,
iya stabil bantu giat kuliah,
bagus,
jaring lancar,
iyaaa klau wifi stabil jaring data kadang jelek,
bagus,
kadang stabil jaring hilanghilang ckup,
stabil karna wifi fakultas mudah akses,
jaring internet wifi sedia kampus bantu tunjang giat ajar cari referensi akademik kadang jelek jaring karna pake,
bagusss,
terkadang stabil,
jangkau luas,
stabil alas jaring bagus kadang ilangilang,
koneksi susah stabil mahasiswa akses,
bebas aksen sandi jaring bagus,
pada luar kelas mas hilang jaring lebih bagus,
jaring internet wifi sedia kampus stabil mudah akses,
sekalimii,
kadang stabil kadang,
puas kadang suka ngelag,
kadang tuh jaring jelek paket data susah,
mudahmudah,
kadang jaring wifi suka eror,
iyaa puas jaring wifi sedia,
jaring internet sedia kampus stabil,
iyaa jaring sdh bgus stabil,
kadang jelek wifi kampus,
sekalikali lag bagus mudah akses,
nggak bagus nggak jelek pke nonton tiktok lantai aduhhh jelek,
stabil,
baikkk,
lancar cari refrensi,
stabil mudah akses bantu giat ajar cari referensi akademik,
stabil,
stabil mudah akses,
lancar tunjang giat kuliah,
iya walapun kadang lot,
bagus terkadang lag,
bagus,
kadang jelek jaring,
bagus,
kadang bagus jaring,
ramah ketemu senyum sopan interaksi,
staf ratarata ramah cepat tanggap bantu perlu mahasiswa urus administrasi,
lumayan,
jutek,
ramah obrol mahasiswa urus akibat mahasiswa alami sulit akibat lamban layan,
layan ramah mahasiswa,
buruk sarkasme,
cepat sopan ramah hm capek layan kadang moodnya erti inti,
baguss,
iyaa tanggap layan mahasiswa sopan iyaa,
baguss sopan,
cepat bantu mahasiswa butuh perlu stempel,
ramah sopan cepat layan tugas lobi layan administrasi kampus,
bagus layan,
layan muas tugas sopan ramah cepat layan,
oke alas ramah sopan cekat,
tugas lobi layan administrasi tugas sopa ramah cepat,
kuranggggg tugas bersih kadang suka marahhh,
kerja cepat ramah,
elayanan lobi administrasi kampus tugas ramah sopan sambut mahasiswa cepat responsif solutif bantu urus berkas picu antre,
not bad,
ramah murah senyum,
lumayan,
tau karna lobi stempel krs,
bagus,
iyaaa sopan ramah,
saran ramah,
bagus,
penuh,
bagus responnya layan cepat,
ramah sopan sopan cepat layan,
alhamdulillah ramah sopan cepatt,
prodi fakultas alur,
alami layan ramah layan terima jalan lancar,
staff ramah,
bagus alas tanda tangan layan cepat,
bantu mahasiswa,
iya bagus,
bagus ramah,
bagus,
alhamdulillah,
bagus,
ramah,
jelassa,
iya rinci mudah paham,
tingkat,
iya memabntu mahasiswa urus administrasi kiah,
ramah,
iya bantu informatif alasnanya inti,
iyaa bantu,
iya mudah paham proses mudah,
suda bantu mahasiswa urus perlu akademik mahasiswa susah,
informasi tugas lobi administrasi kampus mudah paham bantu mahasiswa urus perlu akademik administrasi,
tingkat,
informasi tugas mudah paham bantu,
alas informasi bukti benar,
mahasiswa mudah paham informasi tugas lobi administrasi kampus,
arah tele tele,
iya,
mudah paham bantu mahasiswa urus perlu akademik administrasi,
bagusmi,
iyah,
iya mudah paham,
iya informasi sdh,
iyaa bantu,
mahasiswa bingung coba tugas layan bantu arah detail suruh kesana kemari,
iyaa,
mudah paham,
informasi to the poin mudah erti paham,
iyapp,
iya,
mudah paham,
alam mudah paham informasi bantu urus perlu akademik,
cuman bicara cepat kurang,
mudah paham,
iya informasi,
bagus informasi,
bagus,
iya,
iyaa paham,
iya bantu,
perpusatakaan fmipa uho nyaman pake ajar,
pustaka lengkap ac fungsi pustaka bersih,
dingin ac kadang,
kesana,
bagus,
bagus nyaman tugas ajar,
nyaman karna dukung fasilitas,
jarang pustaka tahu alam pustaka fmipa buku buku referensi sedia jaga susun rapi ruang bersih full ac suasana nyaman,
bagus kondisi ruang bersih fasilitas pada,
bagus,
nyaman bersih bersih,
bagus cahaya redup antuk,
karna pustaka nyaman fasilitas lengkap,
fasilitas pustaka universitas halu oleo nyaman dukung giat ajar mahasiswa suasana pustaka tenang kondusif tingkat konsentrasi produktivitas mahasiswa ajar,
bagus nyaman,
tambah meja ajar,
buku mahasiswa bahan baca referensi tugas tambah wawas,
oke suasana nyaman,
suasana nyaman kondusif sedia ac saran tambah buku tambah buku ilmu filsafat,
ac bagus bersih tenang kadang buka singkat,
luas area lantai bagus adaa biar ajar leluasa saran lebih nyaman,
nyaman fasilitas pustaka uho nyaman ruang bersih sejuk fasilitas ac fungsi terkadang ac asih fungsi lengkap meja baca pada suasana dalam tenang bebas bising nyaman fokus ajar tugas,
not bad,
sy nyaman atur rasa tenang nyaman,
bagus,
bagus kursi,
enak,
iya sdh,
iyaa kondisi ruang nyaman bersih,
bagus,
bagus turut,
penuh dingin aman nyaman,
bagus fasilitas sarana ajar pus lumayan bagus,
bersih adem tenang poko nyaman,
nyaman,
alhamdulillah nyaman,
baik meja,
lumayan ruang bersih ac fungsi suasana dukung ajar,
nyaman,
masuk pustaka,
ruang nyaman ajar,
iya tunjang proses ajar,
nyaman fasilitas bagus,
bagus,
aman,
baguss,
nyaman,
guna,
area fakultas mipa nyaman,
sempurna,
lumayan,
muas pr tugas perhati sarana prasarana gedung kuliah tingkat,
penuh butuh kuliah,
fasilitas alhamdulillah fakultas matematika ilmu tahu alam layan ramah,
kecuali wc sedia air bangku bangku kuliah,
baik tingkat ketersediaanberfungsinya dingin ruanganac ruang tambah proyektor tunjang proses kuliah penambahanperbaikan toilet rusakterbengkalai,
lumayan cmn ruang proyektor,
bagus,
iyaa,
penuh butuh mahasiswa,
iyaa sudah penuh butuh mahasiswa,
periksa fasilitas sdh agk rusak,
iya,
nyaman,
penuh butuh nyaman mahasiswa jalan giat kuliah,
iya,
iyah bagus,
bagus,
iyaa pada tingkat,
nyaman,
iya,
parkir,
iya,
sepenuh,
pribadi iya fasilitas smuanya nyaman,
overall its pretty good,
iya,
penuh butuh nyaman,
fasilitas layan dukung giat kuliah,
fakultas khusus fisip kipas angin,
lumayan penuh tingkat,
penuh,
bagus,
ac dingin,
iyaa,
penuh,
iyap,
